<included>
<appender name="consola" class="ch.qos.logback.core.ConsoleAppender">
    <encoder>
      <pattern>%d{yyyy-MM-dd'T'HH:mm:ssZ}|%p|%F:%L|%m%n</pattern>
    </encoder>
  </appender>
  <appender name="logfile" class="ch.qos.logback.core.rolling.RollingFileAppender">
    <File>/logs/apps/iqbf3-fiscalizacion-accionescontrol-backend/iqbf3-fiscalizacion-accionescontrol-backend.log</File>
    <encoder>
      <pattern>%d{yyyy-MM-dd'T'HH:mm:ssZ}|%p|%F:%L|%m%n</pattern>
    </encoder>
    <rollingPolicy class="ch.qos.logback.core.rolling.SizeAndTimeBasedRollingPolicy">
      <fileNamePattern>/logs/apps/iqbf3-fiscalizacion-accionescontrol-backend/iqbf3-fiscalizacion-accionescontrol-backend-%d{MM-dd-yy}-%i.log.gz</fileNamePattern>
      <maxFileSize>100MB</maxFileSize>
    </rollingPolicy>
  </appender>
  <logger name="pe.gob.sunat.iqbf3.fiscalizacion.accionescontrol" level="DEBUG">
   <appender-ref ref="consola"/>
    <appender-ref ref="logfile"/>
  </logger>
  <logger name="pe.gob.sunat.iqbf3.registro.maestros" level="DEBUG">
   <appender-ref ref="consola"/>
    <appender-ref ref="logfile"/>
  </logger>
  <logger name="pe.gob.sunat.framework" level="INFO">
    <appender-ref ref="logfile"/>
  </logger>
  <logger name="java.sql" level="DEBUG">
    <appender-ref ref="logfile"/>
    <appender-ref ref="consola"/>
  </logger>
  <logger name="javax.jpa" level="DEBUG">
    <appender-ref ref="logfile"/>
    <appender-ref ref="consola"/>
  </logger>
  <logger name="org.eclipse.persistence" level="DEBUG">
    <appender-ref ref="logfile"/>
    <appender-ref ref="consola"/>
  </logger>
  <root level="debug">
    <appender-ref ref="consola"/>
    <appender-ref ref="logfile"/>
  </root>

</included>