<?xml version="1.0" encoding="UTF-8"?>
<wls:weblogic-application xmlns:wls="http://xmlns.oracle.com/weblogic/weblogic-application" 
	xmlns:xsi="http://www.w3.org/2001/XMLSchema-instance" 
	xsi:schemaLocation="http://java.sun.com/xml/ns/javaee 
		http://java.sun.com/xml/ns/javaee/javaee_6.xsd 
		http://xmlns.oracle.com/weblogic/weblogic-application 
		http://xmlns.oracle.com/weblogic/weblogic-application/1.7/weblogic-application.xsd">

    <wls:application-param>
        <wls:param-name>webapp.encoding.default</wls:param-name>
        <wls:param-value>UTF-8</wls:param-value>
    </wls:application-param>

    <wls:library-ref>
          <wls:library-name>tecnologia-seguridad-sharedlib</wls:library-name>
          <wls:specification-version>1.0</wls:specification-version>
          <wls:implementation-version>1.4.0</wls:implementation-version>
    </wls:library-ref>

	<!-- terceros 29-12 -->
	<wls:library-ref>
          <wls:library-name>tecnologia-terceros-sharedlib</wls:library-name>
          <wls:specification-version>2.0</wls:specification-version>
          <wls:implementation-version>2.10.92</wls:implementation-version>
    </wls:library-ref>


	<!--  Framework 3 SUNAT -->
	<wls:library-ref>
		<wls:library-name>tecnologia3-arquitectura-framework-sharedlib</wls:library-name>
		<wls:specification-version>1.0</wls:specification-version>
		<wls:implementation-version>1.0.0</wls:implementation-version>
	</wls:library-ref>
	
	<wls:library-ref>                 
		<wls:library-name>tecnologia3-terceros-jasper-sharedlib</wls:library-name>
		<wls:specification-version>1.0</wls:specification-version>
		<wls:implementation-version>1.0.0</wls:implementation-version>
	</wls:library-ref>
	
	<!-- sharedlibs de negocio -->
	<wls:library-ref>
		<wls:library-name>iqbf3-registro-maestros-sharedlib</wls:library-name>
		<wls:specification-version>1.0</wls:specification-version>
		<wls:implementation-version>1.0.0</wls:implementation-version>
	</wls:library-ref>

	<!-- sharedlibs de negocio -->
	<wls:library-ref>
		<wls:library-name>iqbf3-fiscalizacion-accionescontrol-sharedlib</wls:library-name>
		<wls:specification-version>1.0</wls:specification-version>
		<wls:implementation-version>1.0.0</wls:implementation-version>
	</wls:library-ref>


    <wls:prefer-application-packages>
    	<wls:package-name>ch.qos.logback</wls:package-name>
    	<wls:package-name>org.slf4j</wls:package-name>
    </wls:prefer-application-packages>
</wls:weblogic-application>